{
  "train_loss": [
    6.2171824216940275,
    6.216064622461739,
    6.215733546619772,
    6.215400427348034,
    6.215842004197835,
    6.215024457746432,
    6.215445595742964,
    6.215436112690349,
    6.215045949975742,
    6.215000239534041
  ],
  "val_loss": [
    6.218113056305916,
    6.211477501161637,
    6.216039082311815,
    6.21361772783341,
    6.215189053935389,
    6.2161363540157195,
    6.2133380459200955,
    6.216997571145335,
    6.213019447941934,
    6.216075300401257
  ],
  "val_acc": [
    0.0024232633279483036,
    0.0032310177705977385,
    0.0,
    0.0008077544426494346,
    0.004038772213247173,
    0.0016155088852988692,
    0.0032310177705977385,
    0.0,
    0.0024232633279483036,
    0.0016155088852988692
  ],
  "config": {
    "batch_size": 8,
    "epochs": 10,
    "lr": 0.001,
    "num_tactics": 499,
    "num_node_types": 3,
    "hparams": {
      "batch_size": 8,
      "epochs": 10,
      "lr": 0.001,
      "dropout": 0.2,
      "hidden_dim": 128,
      "type_embed": 32,
      "tactic_embed": 64,
      "shuffle_targets": true
    }
  }
}