{
  "train_loss": [
    2.0521603424177823,
    1.9764479721928254,
    1.965779933456641,
    1.9590725977570165,
    1.9517919410376525,
    1.9513188520899178,
    1.9487871476421743,
    1.9455191825590372,
    1.9455230149335094,
    1.9426710223116848
  ],
  "val_loss": [
    2.086083435243176,
    2.0446991858943817,
    2.039445150283075,
    2.025948256831015,
    2.0068382070910546,
    2.0131345087482084,
    2.0304600577200613,
    2.0185939435035953,
    2.0266423075429856,
    2.01536758868925
  ],
  "val_acc": [
    0.4208400646203554,
    0.41033925686591277,
    0.4159935379644588,
    0.41276252019386106,
    0.4184168012924071,
    0.4208400646203554,
    0.4159935379644588,
    0.42164781906300486,
    0.4208400646203554,
    0.42326332794830374
  ],
  "config": {
    "batch_size": 8,
    "epochs": 10,
    "lr": 0.001,
    "num_tactics": 499,
    "num_node_types": 3,
    "hparams": {
      "batch_size": 8,
      "epochs": 10,
      "lr": 0.001,
      "dropout": 0.2,
      "hidden_dim": 128,
      "type_embed": 32,
      "tactic_embed": 64,
      "remove_tactic_feature": true
    }
  }
}