{
  "train_loss": [
    0.7981456496858544,
    0.4796542873227793,
    0.39786483492635055,
    0.3544498518238267,
    0.32619594689594045,
    0.30355796687522735,
    0.2884448963773434,
    0.2782288979621176,
    0.2684352104922329,
    0.2611919127334342
  ],
  "val_loss": [
    0.6683586203823647,
    0.5501841581069804,
    0.4704498571394417,
    0.45436929343531146,
    0.40887872635320227,
    0.3981576417874631,
    0.39188371901992586,
    0.38589167476648367,
    0.3805506025630694,
    0.3687682738816816
  ],
  "val_acc": [
    0.8336025848142165,
    0.8562197092084006,
    0.8626817447495961,
    0.8691437802907916,
    0.8683360258481422,
    0.8610662358642972,
    0.8739903069466882,
    0.8747980613893377,
    0.875605815831987,
    0.869951534733441
  ],
  "config": {
    "batch_size": 8,
    "epochs": 10,
    "lr": 0.0001,
    "num_tactics": 499,
    "num_node_types": 3
  }
}