{
  "train_loss": [
    0.5950076527193923,
    0.3684656665258676,
    0.32015103989164284,
    0.3012391104802602,
    0.28794169740646314,
    0.27630225223494953,
    0.2754503858913125,
    0.27145226545576506,
    0.2716970261321938,
    0.2685417844843873
  ],
  "val_loss": [
    0.4250931959968365,
    0.3634932293969717,
    0.3659815613481968,
    0.42996473724237105,
    0.3346771878162085,
    0.370234029379322,
    0.413807935866983,
    0.3596769565460481,
    0.35671289703517783,
    0.4107011529976827
  ],
  "val_acc": [
    0.8570274636510501,
    0.8651050080775444,
    0.8812600969305331,
    0.864297253634895,
    0.8747980613893377,
    0.8739903069466882,
    0.8764135702746365,
    0.875605815831987,
    0.8715670436187399,
    0.8731825525040388
  ],
  "config": {
    "batch_size": 8,
    "epochs": 10,
    "lr": 0.001,
    "num_tactics": 499,
    "num_node_types": 3,
    "hparams": {
      "batch_size": 8,
      "epochs": 10,
      "lr": 0.001,
      "dropout": 0.2,
      "hidden_dim": 128,
      "type_embed": 32,
      "tactic_embed": 64,
      "shuffle_edges": true
    }
  }
}