{
  "train_loss": [
    3.653533284155182,
    1.5632178585486196,
    1.4341876363085724,
    1.402705254127578,
    1.4124421821342545,
    1.4158732374855576,
    1.422566859980145,
    1.4369391387150174,
    1.475314632814235,
    1.461892687604936
  ],
  "val_loss": [
    1.7004579946639076,
    1.447692937862819,
    1.4402747437283208,
    1.3580805184563711,
    1.2104294118247063,
    1.244828372182054,
    1.3566438725282017,
    1.3240497357940542,
    1.3475478054703525,
    1.3128149325988958
  ],
  "val_acc": [
    0.68578352180937,
    0.7399030694668821,
    0.7447495961227787,
    0.747172859450727,
    0.777059773828756,
    0.7649434571890146,
    0.7520193861066236,
    0.7633279483037156,
    0.7487883683360258,
    0.7689822294022617
  ],
  "config": {
    "batch_size": 8,
    "epochs": 10,
    "lr": 0.001,
    "num_tactics": 499,
    "num_node_types": 3,
    "hparams": {
      "batch_size": 8,
      "epochs": 10,
      "lr": 0.001,
      "dropout": 0.2,
      "hidden_dim": 128,
      "type_embed": 32,
      "tactic_embed": 64,
      "shuffle_tactic_ids": true
    }
  }
}