{
    "train_loss": [
        3416.3691893070936,
        1843.373969219625,
        1242.810779158026,
        853.0650164047256,
        595.2463397060055,
        437.1236913044704,
        333.9080569838843,
        273.26169562865107,
        237.72810156244668,
        210.24948810135538
    ],
    "val_loss": [
        117.89936763048172,
        186.46728694438934,
        246.3186772465706,
        332.9521365761757,
        428.4294464588165,
        514.9925624132156,
        592.7636436223984,
        661.0046249628067,
        707.37972676754,
        780.2013897895813
    ],
    "val_acc": [
        0.6697607832271174,
        0.6547058280225363,
        0.6636649117945876,
        0.6600628059480927,
        0.6614020504294819,
        0.6568301468550846,
        0.6648194328992334,
        0.6656506880945784,
        0.6611249653643668,
        0.6561836150364828
    ]
}