{
  "train_loss": [
    0.6462920168670344,
    0.37167913811544784,
    0.31786073123715625,
    0.2879390626250548,
    0.27544485556740944,
    0.2647476062469027,
    0.2581701676516022,
    0.24905702860703918,
    0.2454823355540604,
    0.24017509253109423
  ],
  "val_loss": [
    0.5770335012192522,
    0.474382666977697,
    0.5677606312196483,
    0.3689245085735644,
    0.385980893674885,
    0.35492314605407077,
    0.3691981578943078,
    0.3659623470100653,
    0.36029770307617687,
    0.40481961521437293
  ],
  "val_acc": [
    0.8408723747980614,
    0.8731825525040388,
    0.8586429725363489,
    0.8675282714054927,
    0.8659127625201939,
    0.8723747980613893,
    0.8715670436187399,
    0.8796445880452343,
    0.877221324717286,
    0.8723747980613893
  ],
  "config": {
    "batch_size": 8,
    "epochs": 10,
    "lr": 0.001,
    "num_tactics": 499,
    "num_node_types": 3
  }
}