{
  "train_loss": [
    0.5911883641246768,
    0.373307344965758,
    0.32547988347656753,
    0.305222754388849,
    0.295096486018131,
    0.2869806832956238,
    0.2775859149014936,
    0.2773009532728751,
    0.27694464430109483,
    0.278024661742083
  ],
  "val_loss": [
    0.4773125152316718,
    0.37345307395455984,
    0.36850540869414367,
    0.4065041159184324,
    0.3836674289225557,
    0.4134272272026195,
    0.38925335751553597,
    0.3632398295021788,
    0.4035520114389331,
    0.38922787068172543
  ],
  "val_acc": [
    0.8497576736672051,
    0.8707592891760905,
    0.8715670436187399,
    0.8602584814216478,
    0.8780290791599353,
    0.8715670436187399,
    0.8788368336025848,
    0.8747980613893377,
    0.8747980613893377,
    0.8667205169628432
  ],
  "config": {
    "batch_size": 8,
    "epochs": 10,
    "lr": 0.001,
    "num_tactics": 499,
    "num_node_types": 3,
    "hparams": {
      "batch_size": 8,
      "epochs": 10,
      "lr": 0.001,
      "dropout": 0.2,
      "hidden_dim": 128,
      "type_embed": 32,
      "tactic_embed": 64,
      "remove_node_type": true
    }
  }
}