{
  "train_loss": [
    0.6406047567210711,
    0.4025187441915598,
    0.37226400331844484,
    0.35769423894462693,
    0.3420508983785319,
    0.32975589558917434,
    0.32373651259986735,
    0.3140628969399882,
    0.3055120277145588,
    0.30136944668755256
  ],
  "val_loss": [
    0.5316201989028242,
    0.5664074417353878,
    0.5053581180141097,
    0.513372712629667,
    0.5959410150265021,
    0.5625578785285114,
    0.5792294617389299,
    0.5808764960301379,
    0.5978492760336057,
    0.6051927248245075
  ],
  "val_acc": [
    0.8311793214862682,
    0.8295638126009693,
    0.8352180936995154,
    0.8449111470113085,
    0.8360258481421647,
    0.8392568659127625,
    0.8352180936995154,
    0.8352180936995154,
    0.8360258481421647,
    0.8432956381260097
  ],
  "config": {
    "batch_size": 8,
    "epochs": 10,
    "lr": 0.001,
    "num_tactics": 499,
    "num_node_types": 3,
    "hparams": {
      "batch_size": 8,
      "epochs": 10,
      "lr": 0.001,
      "dropout": 0.2,
      "hidden_dim": 512,
      "type_embed": 32,
      "tactic_embed": 64,
      "mlp_bag_of_tactics": true
    }
  }
}